n_rows, n_cols, n_processes, time
8, 16, 1, 0.000003
8, 16, 2, 0.000004
8, 16, 4, 0.000008
16, 32, 1, 0.000004
16, 32, 2, 0.000006
16, 32, 4, 0.000007
32, 64, 1, 0.000012
32, 64, 2, 0.000013
32, 64, 4, 0.000022
64, 128, 1, 0.000041
64, 128, 2, 0.000034
64, 128, 4, 0.000034
128, 256, 1, 0.000162
128, 256, 2, 0.000113
128, 256, 4, 0.000096
256, 512, 1, 0.000645
256, 512, 2, 0.000453
256, 512, 4, 0.000390
512, 1024, 1, 0.002234
512, 1024, 2, 0.001319
512, 1024, 4, 0.001206
