n_rows, n_cols, n_processes, time
8, 16, 1, 0.000003
8, 16, 2, 0.000005
8, 16, 4, 0.000005
16, 32, 1, 0.000004
16, 32, 2, 0.000006
16, 32, 4, 0.000007
32, 64, 1, 0.000015
32, 64, 2, 0.000013
32, 64, 4, 0.000020
64, 128, 1, 0.000042
64, 128, 2, 0.000037
64, 128, 4, 0.000037
128, 256, 1, 0.000162
128, 256, 2, 0.000116
128, 256, 4, 0.000097
256, 512, 1, 0.000707
256, 512, 2, 0.000441
256, 512, 4, 0.000331
512, 1024, 1, 0.002646
512, 1024, 2, 0.001806
512, 1024, 4, 0.001440
